City,Cloudiness,Country,Date,Humidity,Lat,Lng,Max Temp,Wind Speed
Tuktoyaktuk,75,CA,1555635600,78,69.44,-133.03,263.15,6.2
Mahebourg,40,MU,1555638543,78,-20.41,57.7,298.15,3.6
Luderitz,1,NA,1555635600,100,-26.65,15.16,281.15,2.1
Antsohihy,9,MG,1555638940,72,-14.88,47.99,299.123,7.1
Talnakh,0,RU,1555635600,75,69.49,88.39,248.15,3.0
Harrison,90,US,1555638666,82,39.26,-84.82,296.15,3.6
Kendari,11,ID,1555638940,67,-3.99,122.52,303.553,1.8
Fortuna,75,ES,1555638827,87,38.18,-1.13,289.15,0.5
Huarmey,100,PE,1555638850,89,-10.07,-78.15,293.973,5.49
Barrow,78,AR,1555638940,66,-38.31,-60.23,289.163,3.08
Dingle,31,PH,1555638940,40,11.0,122.67,306.993,4.24
Bredasdorp,69,ZA,1555638402,93,-34.53,20.04,287.04,2.1
Kodiak,75,US,1555638902,27,39.95,-94.76,286.15,6.2
Rubizhne,97,UA,1555638941,59,49.02,38.37,277.063,2.03
Mataura,64,NZ,1555638605,54,-46.19,168.86,292.04,1.34
Butaritari,100,KI,1555638684,78,3.07,172.79,301.183,7.21
Pevek,100,RU,1555638859,95,69.7,170.27,266.623,5.54
Punta Arenas,75,CL,1555638793,81,-53.16,-70.91,280.15,8.2
Flinders,90,AU,1555638906,68,-34.58,150.85,298.15,1.5
Belaya Gora,0,RU,1555638941,72,68.54,146.19,265.003,2.88
Manzanillo,8,CU,1555638942,75,20.34,-77.12,300.413,4.87
Avarua,99,CK,1555635600,88,-21.21,-159.78,297.15,3.6
Doha,0,QA,1555635600,61,25.29,51.53,299.15,2.1
Pringsewu,66,ID,1555638942,54,-5.36,104.98,306.113,0.69
Buala,100,SB,1555638942,79,-8.15,159.59,301.143,2.97
Qaanaaq,100,GL,1555638942,85,77.48,-69.36,244.153,2.61
Busselton,75,AU,1555638930,94,-33.64,115.35,284.26,14.15
Tasiilaq,100,GL,1555635000,84,65.61,-37.64,276.15,7.2
Saint-Philippe,90,CA,1555638813,81,45.36,-73.48,285.37,10.8
Puerto Ayora,44,EC,1555638395,93,-0.74,-90.35,299.26,0.89
Buncrana,0,GB,1555638943,83,55.14,-7.45,283.543,5.49
Muzhi,89,RU,1555638943,83,65.4,64.7,273.043,4.83
Khatanga,94,RU,1555638943,89,71.98,102.47,254.963,1.53
Katsuura,75,JP,1555637892,56,33.93,134.5,294.15,5.7
Padang,20,ID,1555635600,78,-0.92,100.36,301.15,1.5
Ust-Maya,100,RU,1555638943,75,60.42,134.54,272.053,1.43
Rikitea,67,PF,1555638943,71,-23.12,-134.97,299.573,2.53
Pacifica,75,US,1555638936,52,37.61,-122.49,298.15,6.7
Geraldton,20,CA,1555635600,38,49.72,-86.95,279.15,3.1
Praia da Vitoria,20,PT,1555638322,82,38.73,-27.07,290.15,3.94
Kapaa,40,US,1555638810,65,22.08,-159.32,300.15,5.1
Port Lincoln,100,AU,1555638944,48,-34.72,135.86,297.553,5.93
Bitam,100,GA,1555638944,99,2.08,11.49,294.723,0.75
Lata,86,IN,1555638944,62,30.78,78.62,272.153,0.82
Nadym,100,RU,1555638944,93,65.53,72.51,270.323,4.86
Cape Town,0,ZA,1555638663,87,-33.93,18.42,293.71,1.5
Saint Pete Beach,75,US,1555638939,73,27.73,-82.74,300.37,3.1
Libenge,100,CD,1555638945,97,3.65,18.64,296.383,0.75
Ponta do Sol,0,BR,1555638945,95,-20.63,-46.0,289.463,0.46
Touros,20,BR,1555635600,88,-5.2,-35.46,300.15,1.5
Henties Bay,0,NA,1555635737,94,-22.12,14.28,285.93,0.45
Zhaotong,81,CN,1555638945,63,27.34,103.71,290.493,1.07
Chokurdakh,100,RU,1555638945,89,70.62,147.9,258.593,6.59
Pryazha,92,RU,1555635600,86,61.69,33.62,271.15,1.0
Bluff,0,AU,1555638946,30,-23.58,149.07,302.553,6.86
Codrington,90,AU,1555638393,83,-28.95,153.24,298.15,1.5
Mar del Plata,3,AR,1555638946,52,-46.43,-67.52,285.433,4.89
Sarishabari,0,BD,1555638946,47,24.75,89.83,303.443,2.27
Lavrentiya,0,RU,1555638946,85,65.58,-170.99,258.313,3.41
Portland,75,US,1555638737,36,45.52,-122.67,297.59,1.48
Castro,30,CL,1555635600,100,-42.48,-73.76,280.15,1.5
Tilichiki,94,RU,1555638947,69,60.47,166.1,276.833,4.48
Neepawa,20,CA,1555635600,50,50.23,-99.46,284.15,3.1
Lukovo,0,BG,1555638666,80,42.88,23.39,279.26,1.0
College,75,US,1555638935,80,64.86,-147.8,273.15,2.6
Rio Gallegos,90,AR,1555635600,100,-51.62,-69.22,279.15,2.1
Saint Anthony,1,US,1555638651,33,43.97,-111.68,290.15,4.1
Ushuaia,75,AR,1555635600,69,-54.81,-68.31,275.15,5.1
Tigil,71,RU,1555638948,59,57.8,158.67,279.193,1.46
Balclutha,8,NZ,1555638904,66,-46.24,169.74,287.04,2.68
Bambous Virieux,40,MU,1555638842,78,-20.34,57.76,298.15,3.6
Vaini,16,IN,1555635600,37,15.34,74.49,295.15,2.1
Mersing,64,MY,1555638949,51,2.43,103.84,307.243,1.19
Westport,22,IE,1555638606,88,53.8,-9.52,283.71,4.05
Hilo,75,US,1555638941,61,19.71,-155.08,299.15,6.2
Dikson,97,RU,1555638949,87,73.51,80.55,257.313,1.22
Lehigh Acres,1,US,1555638859,78,26.63,-81.62,300.15,3.6
Coquimbo,90,CL,1555635600,82,-29.95,-71.34,288.15,1.5
Tocancipa,20,CO,1555635600,82,4.97,-73.91,287.15,1.0
Atuona,48,PF,1555638864,75,-9.8,-139.03,301.703,4.82
Hobart,20,AU,1555638796,50,-42.88,147.33,288.71,2.1
Bethel,90,US,1555635360,42,60.79,-161.76,274.15,3.6
Altamira,100,BR,1555638950,97,-3.2,-52.21,296.683,0.97
Carnarvon,0,ZA,1555638951,17,-30.97,22.13,287.453,2.53
Rawson,9,AR,1555638951,43,-43.3,-65.11,287.383,4.68
Lebu,75,ET,1555635600,67,8.96,38.73,289.15,3.1
Guerrero Negro,94,MX,1555638851,71,27.97,-114.04,291.173,6.87
Aquiraz,20,BR,1555638387,78,-3.9,-38.39,301.15,2.1
La Ronge,75,CA,1555635600,70,55.1,-105.3,286.15,1.5
Artyom,0,RU,1555635600,21,43.36,132.19,283.15,6.0
Tenenkou,0,ML,1555638951,9,14.46,-4.91,304.713,3.7
Shancheng,26,CN,1555638952,68,26.9,117.17,298.533,1.64
Chivay,100,PE,1555638952,83,-15.64,-71.6,278.853,1.42
Bosarkany,0,HU,1555638727,86,47.69,17.25,282.15,1.0
Victoria,75,BN,1555635600,89,5.28,115.24,302.15,2.1
Tessalit,0,ML,1555638952,5,20.2,1.01,299.363,2.04
Teslui,0,RO,1555638328,93,44.51,24.36,280.93,1.5
Sarangani,55,PH,1555638952,70,5.4,125.46,302.423,4.53
Severo-Kurilsk,36,RU,1555638952,86,50.68,156.12,274.623,11.33
East London,0,ZA,1555638673,91,-33.02,27.91,288.173,2.95
Waipawa,4,NZ,1555637117,62,-39.94,176.59,290.93,2.07
Klaksvik,5,FO,1555636800,87,62.23,-6.59,282.15,6.7
Anadyr,0,RU,1555638793,78,64.73,177.51,265.93,3.0
New Norfolk,20,AU,1555638856,50,-42.78,147.06,288.71,2.1
Aykhal,0,RU,1555635600,38,65.95,111.51,268.15,5.0
Aklavik,75,CA,1555635600,67,68.22,-135.01,266.15,4.1
Oranjestad,20,AW,1555635600,78,12.52,-70.03,300.15,7.7
Prince Albert,75,CA,1555635600,28,53.2,-105.75,288.15,3.6
Kolpashevo,7,RU,1555638953,87,58.31,82.9,266.553,4.18
Ariquemes,41,BR,1555638954,85,-9.91,-63.03,297.373,0.58
Bereda,75,ES,1555638839,87,43.27,-7.54,286.15,2.1
Revelstoke,90,CA,1555635600,93,50.99,-118.19,281.15,1.0
Jamestown,79,AU,1555638849,17,-33.21,138.6,304.543,5.77
Souillac,0,FR,1555638888,66,45.6,-0.6,286.48,2.6
Khuzdar,0,PK,1555638954,35,27.8,66.62,291.663,2.33
Thompson,75,CA,1555635600,49,55.74,-97.86,282.15,0.7
Hithadhoo,77,MV,1555638954,77,-0.6,73.08,301.993,5.01
Phaltan,9,IN,1555638954,37,17.99,74.43,300.073,2.3
San Felipe,100,CL,1555638955,72,-32.75,-70.73,287.463,1.46
Pakokku,0,MM,1555638955,24,21.33,95.09,309.303,5.45
Vigeland,0,NO,1555638934,66,58.46,8.52,279.26,3.6
Nishihara,75,JP,1555638907,52,35.74,139.53,295.93,1.5
Barranco,0,BR,1555638956,97,-20.59,-41.2,291.303,0.51
Atar,72,MR,1555638870,23,20.52,-13.05,299.443,4.83
New Iberia,75,US,1555638821,93,30.0,-91.82,291.48,2.1
Lagoa,0,PT,1555638748,87,37.14,-8.45,285.37,2.1
Tolaga Bay,0,NZ,1555638957,57,-38.37,178.3,291.303,2.29
Shanghai,75,CN,1555638794,88,31.23,121.49,299.26,5.0
Tiksi,1,RU,1555638866,82,71.64,128.87,266.913,4.53
Kajaani,0,FI,1555636800,69,64.22,27.73,275.15,2.1
Hamilton,90,CA,1555638643,82,43.26,-79.87,292.15,5.1
Constitucion,40,MX,1555634520,8,23.99,-104.67,295.15,6.2
Kavieng,100,PG,1555638957,75,-2.57,150.8,301.343,3.92
Coahuayana,0,MX,1555638957,18,18.62,-100.35,303.473,1.14
Oksfjord,2,NO,1555638600,74,70.24,22.35,276.15,2.1
Los Llanos de Aridane,75,ES,1555637400,68,28.66,-17.92,291.15,9.3
Pampas,100,PE,1555638958,94,-12.4,-74.87,275.553,1.24
Chaoyang,0,CN,1555638958,13,41.58,120.44,287.663,3.36
Pashiya,46,RU,1555638958,84,58.43,58.26,271.283,1.34
Natchitoches,75,US,1555638892,82,31.76,-93.09,288.15,5.1
Sao Filipe,0,CV,1555638958,83,14.9,-24.5,294.913,8.74
Novoulyanovsk,0,RU,1555635600,85,54.15,48.39,266.15,2.0
Saskylakh,15,RU,1555638958,89,71.97,114.09,258.303,1.48
Hirara,75,JP,1555635600,74,24.8,125.28,299.15,5.1
Nurlat,0,RU,1555638959,47,54.43,50.8,273.063,1.98
Akureyri,20,IS,1555635600,57,65.68,-18.09,283.15,4.1
Skelleftea,100,SE,1555638508,56,64.75,20.95,279.26,2.1
San Policarpo,21,PH,1555638959,72,12.18,125.51,301.273,4.92
Ixtapa,5,MX,1555638909,78,20.71,-105.21,298.15,5.1
Zlocieniec,0,PL,1555638879,52,53.53,16.01,279.82,2.3
Anaco,100,VE,1555638960,60,9.43,-64.46,300.573,5.52
Egvekinot,34,RU,1555638960,82,66.32,-179.17,263.573,2.62
Ponta Delgada,75,PT,1555638616,93,37.73,-25.67,289.15,3.52
Hermanus,97,ZA,1555638402,90,-34.42,19.24,292.04,1.79
Mikun,95,RU,1555638960,92,62.35,50.08,273.473,3.17
Albany,90,US,1555638665,81,42.65,-73.75,287.04,5.7
Sunland Park,1,US,1555638925,13,31.8,-106.58,298.15,1.55
Vestmanna,1,FO,1555638600,87,62.16,-7.17,282.15,6.7
Mikasa,75,JP,1555638012,52,43.25,141.9,283.15,10.8
Vila Franca do Campo,75,PT,1555638917,93,37.72,-25.43,289.15,2.79
Rabo de Peixe,75,PT,1555638917,93,37.8,-25.58,289.15,3.52
Sao Sebastiao,49,BR,1555638961,94,-3.15,-58.36,297.293,1.02
Olga,1,US,1555638944,60,34.11,-118.17,302.15,2.1
Barcelos,0,PT,1555638545,100,41.53,-8.62,286.48,1.0
Talara,35,PE,1555638926,86,-4.58,-81.27,296.393,8.4
Dawei,28,MM,1555638828,63,14.07,98.19,303.663,1.34
Qaqortoq,1,GL,1555635000,59,60.72,-46.03,275.15,0.5
Mehriz,20,IR,1555635600,42,31.58,54.44,292.15,2.1
Burnie,1,AU,1555638917,52,-41.05,145.91,290.93,2.68
General Jose Eduvigis Diaz,0,PY,1555635600,78,-27.17,-58.42,296.15,1.5
Tomatlan,0,MX,1555638962,78,19.93,-105.25,296.903,4.98
Longyearbyen,75,NO,1555635000,94,78.22,15.63,277.15,10.8
Bathsheba,20,BB,1555635600,78,13.22,-59.52,299.15,6.7
Cockburn Town,1,TC,1555638911,78,21.46,-71.14,299.203,10.53
Bonavista,1,CA,1555638311,86,48.65,-53.11,269.26,0.89
Shiyan,80,CN,1555638962,59,32.65,110.78,290.823,2.95
Alofi,75,NU,1555635600,74,-19.06,-169.92,301.15,8.7
Makakilo City,40,US,1555638791,54,21.35,-158.09,301.15,4.6
Kingaroy,75,AU,1555638916,60,-26.54,151.84,297.15,6.2
Dodge City,20,US,1555638632,37,37.75,-100.02,285.15,7.7
Laguna,75,MX,1555634640,30,27.52,-110.01,300.15,4.6
Dalby,75,AU,1555638357,57,-27.18,151.26,300.37,7.7
Port Blair,33,IN,1555638846,65,11.67,92.75,302.903,1.44
Chuy,97,UY,1555638884,70,-33.69,-53.46,292.793,3.47
Springbok,78,ZA,1555638963,58,-29.67,17.88,287.593,1.49
Nampula,52,MZ,1555638963,99,-15.12,39.26,293.393,2.19
Rimbey,75,CA,1555635600,49,52.64,-114.24,290.15,3.1
Tura,17,IN,1555638913,42,25.52,90.21,303.963,2.5
Boyle,32,IE,1555638606,99,53.97,-8.3,283.71,2.73
Ust-Barguzin,99,RU,1555638964,75,53.41,109.03,272.843,6.4
Cabo San Lucas,75,MX,1555638606,49,22.89,-109.91,298.15,5.1
Isangel,31,VU,1555638897,83,-19.55,169.27,300.073,8.94
Nurobod,40,UZ,1555635600,59,40.91,69.8,290.15,3.1
Petukhovo,100,RU,1555638964,31,55.06,67.89,273.623,1.7
Mecca,0,SA,1555638934,44,21.43,39.83,295.633,3.76
Port Alfred,4,ZA,1555638744,95,-33.59,26.89,289.26,0.89
Faanui,9,PF,1555638964,76,-16.48,-151.75,302.323,4.69
Port-Gentil,100,GA,1555638964,78,-0.72,8.78,301.663,4.12
Arlit,0,NE,1555638965,6,18.74,7.39,297.193,3.18
Arriaga,25,MX,1555638965,84,16.24,-93.9,294.413,1.17
Wilmington,1,US,1555638941,60,39.75,-75.55,294.26,2.6
Nikolskoye,0,RU,1555638937,83,59.7,30.79,274.82,1.9
Bumbuna,83,SL,1555638965,74,9.05,-11.73,300.633,1.43
Sulangan,57,PH,1555638965,71,11.14,123.72,301.803,3.55
The Valley,20,AI,1555638408,65,18.22,-63.06,299.15,6.2
Tanout,0,NE,1555638966,10,14.97,8.88,297.213,4.31
Melfort,75,CA,1555635600,35,52.87,-104.61,286.15,4.1
Pangoa,100,PE,1555638966,65,-12.12,-73.0,295.403,1.24
Pacific Grove,20,US,1555638875,72,36.62,-121.92,298.15,2.1
Dudinka,0,RU,1555635600,75,69.41,86.18,248.15,3.0
Batagay-Alyta,76,RU,1555638966,71,67.8,130.41,261.203,2.23
Barkhan,0,PK,1555638966,51,29.9,69.52,290.733,1.52
Walvis Bay,0,NA,1555635737,93,-22.95,14.51,285.93,2.6
Sanghar,0,PK,1555638967,34,28.18,68.31,301.213,1.97
Richards Bay,0,ZA,1555638967,84,-28.77,32.06,296.053,3.36
Beaumont,75,US,1555638603,68,30.09,-94.1,294.15,5.1
Ust-Nera,69,RU,1555638968,63,64.57,143.24,265.343,1.48
Yulara,94,AU,1555635600,19,-25.24,130.99,299.15,4.6
Hofn,100,IS,1555638968,99,64.25,-15.21,276.423,8.34
Saldanha,98,PT,1555638868,93,41.42,-6.55,282.413,1.06
Girua,0,BR,1555638968,64,-28.03,-54.35,291.043,1.07
Savannah Bight,3,HN,1555638968,72,16.45,-85.85,301.723,14.8
Kaeo,26,NZ,1555637584,73,-35.1,173.78,290.93,4.02
Vangaindrano,24,MG,1555638969,96,-23.35,47.6,295.093,2.34
Svetlogorsk,0,RU,1555635600,72,53.14,59.15,265.15,4.0
Mount Kisco,20,US,1555638716,87,41.2,-73.73,288.71,2.6
Nouadhibou,100,MR,1555635600,68,20.93,-17.03,292.15,8.7
Tautira,20,PF,1555638788,59,-17.73,-149.15,305.15,5.1
Provideniya,0,RU,1555635600,53,64.42,-173.23,269.15,3.01
Moose Factory,90,CA,1555635600,92,51.26,-80.61,272.15,3.6
Ciudad Bolivar,54,VE,1555638969,60,8.12,-63.55,301.843,6.8
Tungor,100,RU,1555638970,81,53.39,142.95,276.053,7.87
Ribeira Grande,0,PT,1555638874,89,38.52,-28.7,289.943,5.74
Viedma,0,AR,1555638970,60,-40.81,-62.99,287.293,2.66
Nanortalik,34,GL,1555638970,81,60.14,-45.24,271.923,1.28
Saint George,40,GR,1555635000,93,39.45,22.34,281.15,1.26
Caluquembe,18,AO,1555638970,92,-13.78,14.68,288.993,1.85
Loures,20,PT,1555638945,93,38.83,-9.17,285.93,3.92
Salalah,20,OM,1555635000,65,17.01,54.1,300.15,1.5
Harlingen,90,US,1555638929,41,26.19,-97.7,301.15,4.6
Igboho,97,NG,1555638971,77,8.84,3.76,299.773,4.44
Dongkan,1,CN,1555638971,47,34.0,119.83,292.253,7.44
Port Augusta,100,AU,1555637400,21,-32.49,137.76,305.15,9.8
Skjervoy,13,NO,1555638971,72,70.03,20.97,276.663,5.48
Usinsk,97,RU,1555638918,91,66.0,57.56,272.973,5.85
Grand-Santi,0,GF,1555638971,99,4.27,-54.38,295.793,1.14
Gweta,0,BW,1555638971,45,-20.21,25.26,295.743,3.98
Iqaluit,90,CA,1555638767,85,63.75,-68.52,268.15,7.7
Pau Brasil,32,BR,1555638972,98,-15.46,-39.65,295.263,0.88
Sitka,70,US,1555638399,59,37.17,-99.65,283.71,2.24
Todos Santos,75,MX,1555638903,49,23.45,-110.23,298.15,5.1
Do Gonbadan,75,IR,1555635600,48,30.36,50.8,292.15,3.37
Samarai,98,PG,1555638972,67,-10.62,150.67,301.683,2.21
Otane,4,NZ,1555637117,62,-39.89,176.62,290.93,2.07
San Quintin,0,PH,1555638973,49,17.54,120.52,306.693,3.88
Cherskiy,100,RU,1555638973,89,68.75,161.3,266.023,9.23
Arawa,100,NG,1555638973,87,7.05,3.9,300.063,1.6
Yellowknife,90,CA,1555638770,69,62.45,-114.38,277.15,5.1
Sidrolandia,20,BR,1555635600,83,-20.93,-54.96,297.15,4.1
Saint-Pierre,0,FR,1555638725,76,48.95,4.24,283.15,3.1
Pinawa,0,CA,1555638974,56,50.15,-95.88,280.053,1.55
Channel-Port aux Basques,99,CA,1555638974,82,47.57,-59.14,274.043,6.69
Vardo,1,US,1555638936,53,39.62,-77.74,297.04,4.1
Hasaki,75,JP,1555638428,56,35.73,140.83,295.93,4.6
Georgetown,75,GY,1555635600,83,6.8,-58.16,300.15,5.1
Yar-Sale,100,RU,1555638975,94,66.83,70.83,270.953,5.06
Jumla,0,NP,1555638852,32,29.28,82.18,283.353,1.29
Whitehorse,75,CA,1555638770,45,60.72,-135.06,280.37,7.2
Shawinigan,90,CA,1555638823,93,46.54,-72.75,282.59,3.6
Sao Joao da Barra,0,BR,1555638975,93,-21.64,-41.05,293.393,1.25
Raduzhnyy,100,RU,1555638975,93,62.1,77.47,264.353,3.62
Fairbanks,90,US,1555638847,92,64.84,-147.72,273.15,2.6
Kysyl-Syr,10,RU,1555638976,79,63.9,122.77,271.413,5.49
Cap-Haitien,2,HT,1555638976,75,19.76,-72.2,299.963,10.43
Te Anau,100,NZ,1555638976,77,-45.41,167.72,284.693,2.82
Seoul,75,KR,1555637400,58,37.57,126.98,288.15,1.5
Leningradskiy,4,RU,1555638878,85,69.38,178.42,262.363,4.92
Clyde River,1,CA,1555635600,83,70.47,-68.59,248.15,0.76
Marsa Matruh,20,EG,1555635600,82,31.35,27.25,288.15,2.6
Gua Musang,84,MY,1555638976,51,4.88,101.97,302.453,0.2
Pangnirtung,54,CA,1555638976,66,66.15,-65.72,257.573,1.94
Houma,92,CN,1555638977,59,35.63,111.36,290.273,5.09
Beringovskiy,45,RU,1555638977,80,63.05,179.32,268.813,0.97
Emporia,75,US,1555638485,44,38.4,-96.18,287.15,4.6
Namibe,0,AO,1555638977,74,-15.19,12.15,295.623,4.28
Jayanca,75,PE,1555635600,29,-6.39,-79.82,292.15,8.7
Kaitangata,8,NZ,1555638904,66,-46.28,169.85,287.04,2.68
Nago,75,IT,1555638964,66,45.88,10.89,287.04,2.1
Stanovoye,0,RU,1555638977,55,52.76,38.34,275.823,2.52
Talcahuano,90,CL,1555635600,93,-36.72,-73.12,286.15,1.0
Grindavik,75,IS,1555638721,93,63.84,-22.43,281.48,9.8
Esperance,20,TT,1555638908,74,10.24,-61.45,299.82,4.1
Celestun,1,MX,1555638978,83,20.87,-90.4,300.193,4.97
Akdepe,90,TM,1555635600,81,42.05,59.39,282.15,7.2
Okhotsk,100,RU,1555638978,89,59.36,143.24,273.423,5.48
Tarbagatay,75,RU,1555635600,60,51.48,107.36,277.15,3.0
Guymon,1,US,1555637700,50,36.68,-101.48,288.15,4.6
Vila Velha,20,BR,1555638387,78,-3.71,-38.6,301.15,2.1
Shrewsbury,89,GB,1555638959,81,52.71,-2.75,283.71,1.0
Kruisfontein,0,ZA,1555638979,92,-34.0,24.73,287.003,2.73
Mayumba,100,GA,1555638979,86,-3.44,10.65,300.853,2.39
Norman Wells,75,CA,1555635600,60,65.28,-126.83,277.15,3.1
Manono,65,CD,1555638979,78,-7.3,27.4,294.053,0.98
Virginia Beach,1,US,1555638858,64,36.85,-75.98,295.37,5.7
Barbosa Ferraz,0,BR,1555635600,56,-24.03,-52.01,296.15,1.0
Kimberley,0,ZA,1555638980,30,-28.74,24.76,290.113,3.18
Toowoomba,75,AU,1555638946,57,-27.56,151.95,298.15,7.7
Kupang,20,ID,1555635600,58,-10.16,123.6,304.15,4.1
Meulaboh,100,ID,1555638980,72,4.14,96.13,301.473,2.03
Mount Isa,33,AU,1555635600,35,-20.73,139.49,302.15,6.2
Owatonna,40,US,1555638814,75,44.08,-93.23,282.15,3.1
Acapulco,20,MX,1555634760,83,16.86,-99.88,299.15,3.1
Longkou,79,CN,1555638980,50,37.64,120.47,284.493,4.91
Porto Velho,20,BR,1555635600,78,-8.75,-63.87,299.15,0.42
Tonosho,40,JP,1555638814,63,34.48,134.18,294.82,5.1
Upata,39,VE,1555638981,73,8.02,-62.41,297.133,3.57
Alice Springs,26,AU,1555635600,21,-23.7,133.88,300.15,7.2
Deputatskiy,0,RU,1555638924,79,69.3,139.9,260.323,2.0
Mitsamiouli,25,KM,1555638981,74,-11.38,43.28,302.273,3.72
Boyolangu,29,ID,1555638981,63,-8.09,111.9,302.013,2.95
Panalingaan,50,PH,1555638981,66,8.78,117.42,301.903,0.4
Fauske,75,NO,1555638813,93,67.26,15.4,278.15,4.1
Amposta,0,ES,1555638958,55,40.71,0.58,289.26,5.1
Suba,58,CN,1555638982,76,28.73,103.51,292.803,1.85
Oranjemund,72,ZA,1555638982,82,-28.55,16.43,288.663,1.24
Bubaque,6,GW,1555638982,71,11.28,-15.83,299.183,5.65
Mandiana,92,GN,1555638982,37,10.62,-8.7,303.943,1.54
San Patricio,0,PY,1555638869,70,-26.98,-56.83,293.893,1.33
Jiangyou,96,CN,1555638982,62,31.78,104.73,293.943,1.66
Winslow,61,GB,1555638668,81,51.94,-0.88,284.26,4.1
Kahului,20,US,1555638892,61,20.89,-156.47,300.37,8.2
Noumea,90,NC,1555635600,69,-22.28,166.46,300.15,4.1
Khorramshahr,0,IR,1555635600,64,30.43,48.18,296.15,2.1
Bichura,68,RU,1555638983,54,50.59,107.6,276.113,7.71
Dalnerechensk,0,RU,1555638983,21,45.93,133.72,279.973,9.96
Phan Thiet,55,VN,1555638980,46,10.93,108.1,306.413,2.64
Mbanza-Ngungu,100,CD,1555638983,93,-5.25,14.87,295.993,0.58
Victor Harbor,0,AU,1555638952,21,-35.55,138.62,303.71,7.7
Sompeta,0,IN,1555638984,37,18.93,84.6,305.763,3.43
Bloemfontein,0,ZA,1555635600,93,-29.12,26.22,284.15,1.0
Aripuana,100,BR,1555638984,97,-9.17,-60.63,296.853,0.68
Tuatapere,91,NZ,1555638605,54,-46.13,167.69,292.04,1.34
Anda,0,CN,1555638984,16,46.41,125.33,282.913,2.94
Conde,76,BR,1555638984,96,-11.81,-37.61,296.593,1.37
Caravelas,58,BR,1555638948,89,-17.73,-39.27,298.503,1.29
La Libertad,40,PE,1555635600,51,-16.38,-71.56,289.15,2.26
Midlothian,1,US,1555638965,59,32.48,-96.99,292.59,2.6
Taltal,0,CL,1555638985,79,-25.41,-70.49,289.693,1.22
Tallahassee,90,US,1555638682,78,30.44,-84.28,296.48,4.1
Tiznit,0,MA,1555638736,71,29.7,-9.73,290.293,15.67
Ko Samui,20,TH,1555637400,70,9.54,99.94,305.15,2.6
Simbahan,36,PH,1555638985,72,6.3,120.58,301.793,2.12
Gualaquiza,73,EC,1555638985,95,-3.4,-78.58,284.963,0.46
Marathon,72,CA,1555638986,92,48.72,-86.38,274.033,2.24
Ostrovnoy,100,RU,1555638986,93,68.05,39.51,272.383,4.23
Batemans Bay,57,AU,1555638851,73,-35.71,150.18,294.82,0.45
Tyup,92,KG,1555638986,81,42.73,78.36,277.043,3.94
Havre-Saint-Pierre,75,CA,1555635600,69,50.23,-63.6,275.15,3.6
Necochea,93,AR,1555638088,71,-38.55,-58.74,294.82,1.79
Kushiro,75,JP,1555635600,100,43.11,144.15,277.15,4.1
Umm Kaddadah,27,SD,1555638865,13,13.6,26.69,296.803,7.8
Narasannapeta,0,IN,1555638986,50,18.42,84.04,304.753,3.32
Dicabisagan,5,PH,1555638987,47,17.08,122.42,306.993,2.08
Kieta,95,PG,1555638883,66,-6.22,155.63,303.113,2.44
Freeport,48,BS,1555638905,79,26.54,-78.7,299.213,9.82
Ust-Ilimsk,100,RU,1555638987,75,57.96,102.73,267.823,9.23
Mpongwe,1,ZM,1555638987,98,-13.51,28.16,290.283,2.5
Austin,1,US,1555638661,42,30.27,-97.74,293.15,3.6
Hammerfest,0,NO,1555636800,86,70.66,23.68,276.15,9.8
Nhulunbuy,75,AU,1555635600,66,-12.18,136.78,302.15,8.7
Northam,0,GB,1555638975,93,51.04,-4.21,285.37,1.0
Mehamn,97,NO,1555638988,95,71.03,27.85,275.763,7.41
Covington,90,US,1555638799,93,35.56,-89.65,289.15,3.1
Caohai,62,CN,1555638988,59,26.87,104.28,291.263,1.43
Cidreira,0,BR,1555638916,87,-30.17,-50.22,293.273,1.74
Alanya,40,TR,1555635000,93,36.55,32.0,283.15,2.1
Port Hardy,90,CA,1555638480,100,50.7,-127.42,280.15,2.6
Alekseyevka,0,RU,1555635600,42,53.25,50.49,270.15,2.0
Rizhao,2,CN,1555638989,31,35.43,119.46,290.813,5.56
Bonthe,96,SL,1555638989,81,7.53,-12.5,301.133,2.65
Edeia,0,BR,1555638989,87,-17.34,-49.93,295.523,1.5
Lompoc,1,US,1555638800,56,34.64,-120.46,295.15,4.1
North Platte,81,US,1555638907,56,41.12,-100.77,282.04,1.34
Itapirapua,11,BR,1555638990,80,-15.82,-50.61,296.133,1.56
Brosteni,0,RO,1555638989,61,47.24,25.7,283.15,5.7
At-Bashi,60,KG,1555638990,37,41.17,75.81,280.913,1.78
Carovigno,0,IT,1555638839,87,40.71,17.66,286.48,4.6
Harur,90,IN,1555638990,58,12.06,78.48,302.783,2.53
Progreso,91,UY,1555638680,88,-34.68,-56.22,292.59,1.5
Lixourion,0,GR,1555638313,74,38.2,20.43,284.26,3.21
Kilindoni,99,TZ,1555638991,75,-7.91,39.67,302.003,6.12
Fort Nelson,75,CA,1555635600,30,58.81,-122.69,285.15,4.1
Caborca,3,MX,1555638795,41,30.58,-111.1,302.59,5.93
Japura,47,ID,1555638991,85,-0.42,102.29,301.953,0.28
Fukue,75,JP,1555638845,68,35.03,136.69,297.04,2.1
Neryungri,0,RU,1555638992,67,56.66,124.71,270.823,5.47
Port Elizabeth,1,US,1555638970,82,39.31,-74.98,294.26,2.1
Meridian,90,US,1555638360,88,32.36,-88.7,291.15,3.6
Grand Gaube,40,MU,1555638842,78,-20.01,57.66,298.15,3.6
Najran,40,SA,1555635600,44,17.54,44.22,298.15,3.1
Varzea da Palma,0,BR,1555638993,90,-17.6,-44.73,294.273,0.98
Ancud,3,CL,1555635600,100,-41.87,-73.83,280.15,1.5
Pala,40,IN,1555635600,94,9.71,76.68,299.15,1.5
Nalvo,9,PH,1555638993,54,16.81,120.51,305.063,3.24
Sawai Madhopur,0,IN,1555638994,39,26.02,76.35,300.063,2.14
Zeya,0,RU,1555638994,25,53.74,127.27,274.613,2.25
Torbay,5,CA,1555638754,79,47.66,-52.73,270.93,2.1
Xuddur,81,SO,1555638994,83,4.12,43.89,297.623,3.93
Shizunai,63,JP,1555638994,77,42.33,142.37,281.213,5.04
Dunda,25,IN,1555633800,87,30.62,78.32,287.15,2.1
Uyuni,0,BO,1555638994,29,-20.46,-66.82,285.603,3.16
Nerchinskiy Zavod,98,RU,1555638994,19,51.31,119.61,280.943,7.4
Tokur,97,RU,1555638995,80,53.13,132.9,271.383,3.61
Hovd,0,NO,1555638902,60,63.83,10.7,283.71,2.1
Sobolevo,0,RU,1555638995,77,54.43,31.9,275.793,2.95
Sioux Lookout,20,CA,1555635600,39,50.1,-91.92,283.15,2.1
Cabedelo,0,BR,1555635600,83,-6.97,-34.84,300.15,1.5
Inhambane,0,MZ,1555638995,96,-23.87,35.38,292.733,1.44
Karratha,55,AU,1555638995,32,-20.74,116.85,305.563,6.62
Umkomaas,0,ZA,1555638825,95,-30.21,30.8,294.82,2.4
Torrevieja,75,ES,1555638927,82,37.98,-0.68,289.15,4.6
Hualmay,100,PE,1555638888,90,-11.1,-77.61,293.803,5.77
Lusambo,83,CD,1555638996,81,-4.97,23.44,295.333,0.9
Mount Gambier,97,AU,1555635600,51,-37.83,140.78,290.15,3.6
Ilulissat,0,GL,1555635000,66,69.22,-51.1,263.15,1.5
Dingzhou,0,CN,1555635600,35,38.51,115.0,287.15,2.0
Rocha,51,UY,1555638896,85,-34.48,-54.34,287.533,2.75
Murdochville,100,CA,1555638996,83,48.96,-65.49,274.683,10.94
Adre,28,TD,1555638916,12,13.47,22.2,299.563,7.51
Binga,93,ZW,1555638996,91,-17.62,27.34,291.533,0.3
Vestmannaeyjar,84,IS,1555638997,94,63.44,-20.27,281.303,9.91
Cabinda,100,AO,1555638997,87,-5.56,12.19,300.733,3.38
Sisimiut,0,GL,1555638997,52,66.94,-53.67,263.243,4.12
Mana,0,RS,1555637400,93,43.52,20.24,277.15,0.5
Road Town,40,VG,1555638732,69,18.42,-64.62,299.15,4.1
Yaan,100,NG,1555638997,65,7.38,8.57,302.183,3.96
Roald,100,NO,1555638904,68,62.58,6.12,283.15,4.1
Loding,0,DE,1555638973,50,48.05,12.68,284.15,4.6
Srivardhan,34,IN,1555638998,69,18.03,73.02,300.213,4.96
Ahipara,1,NZ,1555638998,65,-35.17,173.16,292.663,4.91
Baracoa,5,CU,1555638998,78,20.35,-74.5,299.363,7.12
Rosita,33,NI,1555638998,89,13.92,-84.4,294.513,0.93
Dongfeng,0,CN,1555638998,14,42.67,125.53,285.963,3.97
Ambilobe,35,MG,1555638999,85,-13.19,49.05,294.923,1.89
Thai Binh,40,VN,1555635600,94,20.45,106.33,301.15,3.1
Bouar,100,CF,1555638999,89,5.94,15.59,294.763,1.98
Maniitsoq,0,GL,1555638999,58,65.42,-52.9,264.773,1.73
Bintulu,90,MY,1555635600,94,3.17,113.03,298.15,2.1
Arraial do Cabo,32,BR,1555638999,83,-22.97,-42.02,297.443,7.11
Castanos,0,MX,1555638999,27,26.78,-101.42,296.053,2.29
Bagan,81,RU,1555638999,40,54.1,77.67,273.193,4.32
Omsukchan,75,RU,1555639000,72,62.53,155.8,271.753,2.78
Peniche,20,PT,1555638945,93,39.36,-9.38,284.82,4.81
Kalabo,0,ZM,1555639000,93,-15.0,22.67,291.263,2.31
Batticaloa,55,LK,1555638875,66,7.71,81.69,302.643,1.19
Sosnovka,11,RU,1555639000,48,53.23,41.37,274.803,2.08
Gusev,13,RU,1555639000,74,54.59,22.2,277.993,1.85
Changji,0,CN,1555639001,54,32.07,116.17,298.033,4.69
Durango,1,US,1555635180,11,37.28,-107.88,294.15,7.7
Azare,100,NG,1555639001,14,11.67,10.19,298.443,2.22
Vila,0,IT,1555638984,71,45.18,8.4,287.59,2.1
Fomboni,61,KM,1555639001,76,-12.28,43.74,302.563,5.57
Alaca,58,TR,1555639002,83,40.17,34.84,277.933,0.48
Airai,0,TL,1555639002,49,-8.93,125.41,304.123,1.28
Upernavik,11,GL,1555638872,95,72.79,-56.15,251.853,3.14
Hay River,75,CA,1555635600,61,60.82,-115.79,281.15,3.1
Cururupu,72,BR,1555639002,99,-1.82,-44.87,296.823,0.51
Sorland,100,NO,1555639002,95,67.67,12.69,278.733,9.33
Hauterive,0,FR,1555638725,53,46.09,3.45,285.37,1.0
Scarborough,50,GB,1555638965,93,54.28,-0.41,280.93,1.5
White Rock,75,CA,1555639002,100,49.02,-122.8,285.93,3.1
Dzhebariki-Khaya,100,RU,1555639003,78,62.22,135.8,271.163,1.7
Tual,100,ID,1555639003,76,-5.67,132.75,302.163,5.91
Jalu,0,LY,1555639004,46,29.03,21.55,291.353,5.05
Nokaneng,0,BW,1555639004,70,-19.66,22.19,292.893,1.74
Wanning,0,AT,1555638952,61,48.64,13.53,283.71,5.7
Hailar,31,CN,1555639004,17,49.2,119.7,284.383,8.39
Sayan,32,YE,1555639004,76,15.88,43.46,302.893,2.57
Port Keats,22,AU,1555639004,42,-14.25,129.55,305.673,3.1
Toora-Khem,100,RU,1555639004,38,52.47,96.11,265.973,6.0
La Pintada,90,CO,1555638839,93,5.75,-75.61,289.15,1.5
Kaniama,65,CD,1555639005,79,-7.57,24.18,292.863,1.78
Kununurra,0,AU,1555635600,49,-15.77,128.74,306.15,2.1
Verkh-Usugli,100,RU,1555639005,30,52.7,115.17,280.043,6.83
Linxi,75,CN,1555635600,100,23.65,116.7,293.15,2.0
Poggibonsi,0,IT,1555638969,50,43.47,11.15,287.15,3.1
Camacha,20,PT,1555637400,67,33.08,-16.33,289.15,7.2
Kutum,35,SD,1555639005,15,14.2,24.66,294.393,2.48
Oussouye,26,SN,1555639006,73,12.49,-16.54,296.293,8.28
Hermiston,1,US,1555638930,32,45.84,-119.29,300.15,3.1
Tubuala,40,PA,1555635600,62,9.52,-79.03,302.15,6.2
Duldurga,54,RU,1555639006,28,50.67,113.59,288.043,7.49
Port Macquarie,40,AU,1555638604,69,-31.43,152.91,298.71,3.6
Narsaq,1,GL,1555635000,59,60.91,-46.05,275.15,0.5
Pimenta Bueno,71,BR,1555639006,89,-11.68,-61.19,297.163,0.48
Wattegama,61,LK,1555639006,69,7.35,80.68,302.353,0.55
Madimba,100,CM,1555639007,80,4.42,9.93,297.053,0.31
Merauke,85,ID,1555639007,71,-8.49,140.4,302.013,4.84
Payo,94,ID,1555639007,62,-3.75,103.64,302.013,0.91
Puerto Colombia,0,CO,1555637475,78,10.99,-74.96,300.15,3.1
Kayes,0,ML,1555639007,9,14.44,-11.44,306.753,3.24
Agadez,1,NE,1555635360,9,16.97,7.99,299.15,3.92
Voh,100,NC,1555639007,74,-20.95,164.69,300.843,5.48
Xai-Xai,0,MZ,1555638928,95,-25.04,33.64,292.813,1.92
Margate,20,AU,1555638976,50,-43.03,147.26,288.71,2.1
Vostok,97,RU,1555639008,39,46.45,135.83,275.163,6.72
Bela,0,PK,1555639008,43,26.23,66.31,297.903,0.57
Kiruna,75,SE,1555636800,86,67.86,20.23,271.15,2.1
Nuuk,0,GL,1555638766,67,64.17,-51.74,265.15,7.7
Camargo,0,MX,1555639008,23,27.69,-105.17,293.133,3.07
Gorgan,90,IR,1555635600,82,36.84,54.43,287.15,4.2
Xiashi,28,CN,1555639009,62,22.12,106.89,304.333,2.6
Sigli,93,ID,1555639009,60,5.38,95.96,304.343,0.84
Havelock,75,US,1555638930,77,34.88,-76.9,295.15,3.1
Mangrol,0,IN,1555635600,53,25.33,76.51,298.15,2.53
Lerwick,43,GB,1555638600,61,60.15,-1.15,283.15,8.7
Bogoslovka,29,RU,1555639009,67,56.8,86.72,267.433,5.5
Taoudenni,0,ML,1555639009,12,22.68,-3.98,301.503,5.2
Marondera,0,ZW,1555635600,93,-18.19,31.55,288.15,2.6
Aktau,75,KZ,1555635600,86,43.65,51.16,274.15,8.0
Hervey Bay,75,AU,1555638308,51,-25.3,152.85,302.59,7.7
Floro,98,NO,1555638600,65,61.6,5.03,284.26,4.1
Safita,75,SY,1555638364,72,34.82,36.12,288.15,2.1
Russell,0,AR,1555635600,72,-33.01,-68.8,292.15,0.92
Ukiah,1,US,1555638941,26,39.15,-123.21,302.15,3.1
Grootfontein,24,NA,1555639011,48,-19.56,18.1,293.263,3.38
Wenling,100,CN,1555638868,79,28.38,121.38,297.04,1.36
Ostersund,100,SE,1555638321,44,63.18,14.64,278.15,2.6
Jinchang,100,CN,1555639011,45,38.52,102.19,286.383,10.04
Batu,40,ID,1555635600,83,-7.87,112.53,302.15,3.6
Wasilla,90,US,1555638685,80,61.58,-149.44,278.71,3.1
Potamia,75,GR,1555638998,76,41.03,25.04,283.15,1.0
Eirunepe,71,BR,1555639011,80,-6.66,-69.87,297.743,0.99
Lasa,60,CY,1555638419,81,34.92,32.53,285.15,2.6
Yumen,100,CN,1555639012,21,40.29,97.04,289.713,2.68
Carutapera,96,BR,1555639012,91,-1.2,-46.02,298.913,2.23
Baruun-Urt,0,MN,1555639012,21,46.68,113.28,285.463,9.86
High Rock,10,BS,1555639012,80,26.63,-78.28,299.033,9.19
Damietta,0,EG,1555635600,67,31.42,31.81,290.15,4.1
La Maddalena,0,IT,1555638319,72,39.15,9.02,289.26,5.7
Churapcha,1,RU,1555639013,58,62.0,132.43,272.413,1.41
Corvallis,1,US,1555638909,47,44.56,-123.26,299.15,1.5
Kuna,1,US,1555638737,33,43.49,-116.42,296.48,1.77
Yakeshi,54,CN,1555639013,17,49.28,120.73,282.503,6.26
Bongandanga,99,CD,1555639013,70,1.51,21.07,299.633,1.96
Nacala,0,MZ,1555639013,96,-14.56,40.69,295.853,2.85
Jawhar,0,IN,1555639013,54,19.91,73.23,301.063,0.73
Vao,28,EE,1555638885,58,59.1,26.19,278.093,2.19
Lianzhou,79,CN,1555639013,79,24.79,112.38,297.633,2.77
Kurkino,22,RU,1555639013,57,53.42,38.66,275.943,2.48
Ngunguru,1,NZ,1555637584,73,-35.62,174.5,290.93,4.02
Kedrovyy,75,RU,1555635600,73,56.17,91.82,267.15,9.0
Solnechnogorsk,0,RU,1555638064,74,56.19,36.98,278.15,3.0
Zhigansk,12,RU,1555638937,83,66.77,123.37,267.313,5.08
Ulladulla,90,AU,1555638341,68,-35.36,150.48,294.15,1.5
Gravelbourg,43,CA,1555639014,37,49.88,-106.56,285.243,3.3
Maragogi,99,BR,1555638886,93,-9.01,-35.22,296.483,1.62
Sabang,13,PH,1555639014,70,13.72,123.58,302.693,3.8
Chumikan,100,RU,1555638935,83,54.72,135.31,270.813,4.51
